name,price
Alejandra,702
Viviene,772
Hannis,922
Tobe,373
Vonny,957
Ebonee,943
Lyssa,397
Annaliese,896
Lexine,659
Mildrid,550
Dede,465
Aimil,439
Gianina,691
Alameda,879
Cathyleen,642
Ekaterina,661
Clo,611
Ida,781
Netty,672
Mignon,874
Lenna,499
Florencia,491
Kalina,666
Winny,761
Edee,574
Abbie,849
Catharine,777
Dennie,874
Viki,547
Marleah,582
Brana,733
Shauna,406
Elsie,745
Chickie,834
Malina,859
Joceline,498
Sheree,986
Dulcinea,345
Lorie,944
Melanie,535
Lelah,702
Alameda,441
Carree,694
Marylou,862
Ethel,567
Annice,347
Marita,533
Sara-Ann,620
Tracey,512
Emilia,526
Elora,830
Bibby,660
Lila,588
Misha,623
Regina,921
Perry,995
Gretal,687
Chere,377
Genovera,980
Yetty,627
Kirbee,870
Rosabelle,666
Kerrin,981
Silvana,603
Blondelle,784
Joelly,736
Bettine,947
Ingrid,954
Jaclyn,993
Marline,958
Margarette,757
Ottilie,385
Marti,644
Lorenza,805
Lynea,744
Carree,987
Codie,725
Lindie,703
Chandra,978
Heddie,538
Collen,706
Katuscha,700
Sue,569
Lynnea,810
Joy,578
Brana,861
Roseline,751
Larine,453
Eve,944
Doralynne,754
Averyl,787
Tobe,827
Modestia,550
Correy,616
Nariko,670
Marcelline,351
Jordan,630
Aaren,933
Clarice,672
Maud,667